e5a485ee-c,2019-08-22,2019-08-30
f68bdccd-c,2019-08-19,2019-08-28
3f120b39-1,2019-08-21,2019-08-27
e7093380-8,2019-08-14,2019-08-26
22e9aad1-8,2019-08-10,2019-08-30
e0b3ce69-c,2019-08-07,2019-08-09
24d7e6fc-1,2019-08-29,2019-08-30
188e24b8-6,2019-08-08,2019-08-23
6c9e2b7f-7,2019-08-13,2019-08-23
4e8f892e-8,2019-08-14,2019-08-22
01db0d84-0,2019-08-23,2019-08-29
46911dca-a,2019-08-30,2019-08-30
8231d5e9-b,2019-08-15,2019-08-28
a5c1852e-3,2019-08-27,2019-08-27
d0d552ba-7,2019-08-17,2019-08-22
8f64a71b-2,2019-08-20,2019-08-25
25f19602-a,2019-08-08,2019-08-15
b13a28a4-b,2019-08-29,2019-08-29
b8dc7c4f-6,2019-08-21,2019-08-23
89533bb0-0,2019-08-30,2019-08-30
1fe68376-1,2019-08-15,2019-08-28
3af99d38-d,2019-08-19,2019-08-25
4ea74473-4,2019-08-12,2019-08-25
ae57d9e4-6,2019-08-02,2019-08-09
9ef37c4a-9,2019-08-26,2019-08-29
f9c9e104-b,2019-08-27,2019-08-30
4dd06dbc-0,2019-08-06,2019-08-19
d2bbbd5d-e,2019-08-22,2019-08-28
2119d5b5-e,2019-08-05,2019-08-19
8e753b85-c,2019-08-03,2019-08-05
492fc739-6,2019-08-08,2019-08-09
dcc2bc3d-e,2019-08-30,2019-08-30
58851f4f-3,2019-08-18,2019-08-28
cea28993-8,2019-08-29,2019-08-29
f9e153a5-2,2019-08-14,2019-08-22
b94203d2-a,2019-08-16,2019-08-17
e62b1b07-3,2019-08-13,2019-08-17
f252da33-e,2019-08-28,2019-08-29
0f63c40a-1,2019-08-03,2019-08-28
8edbfb6e-2,2019-08-07,2019-08-21
c81a5ec4-4,2019-08-16,2019-08-25
deaf669a-9,2019-08-26,2019-08-29
fdefabd0-4,2019-08-30,2019-08-30
d73fbb03-6,2019-08-08,2019-08-23
6a9c2484-b,2019-08-05,2019-08-24
9c09fc8b-4,2019-08-30,2019-08-30
e9ae7235-3,2019-08-17,2019-08-21
fb3eaeab-1,2019-08-17,2019-08-22
68e8aff0-1,2019-08-08,2019-08-19
1c2291a5-3,2019-08-12,2019-08-19
28881eb4-2,2019-08-28,2019-08-28
480ec040-f,2019-08-02,2019-08-18
12bd386c-f,2019-08-25,2019-08-25
8649374a-9,2019-08-24,2019-08-29
2547c5fa-5,2019-08-27,2019-08-27
a326f330-e,2019-08-27,2019-08-27
67c88add-e,2019-08-16,2019-08-18
d3eb9689-7,2019-08-22,2019-08-25
3d449969-5,2019-08-30,2019-08-30
f465ca38-a,2019-08-05,2019-08-12
2ecf8343-c,2019-08-28,2019-08-28
c0af6ef0-4,2019-08-17,2019-08-22
b292f76b-d,2019-08-06,2019-08-12
cbe1dbea-2,2019-08-12,2019-08-24
e2e9cb83-0,2019-08-10,2019-08-30
a9f564be-9,2019-08-30,2019-08-30
e706269e-a,2019-08-28,2019-08-30
3bbdfccc-7,2019-08-16,2019-08-20
f2e4886f-3,2019-08-05,2019-08-23
79e92238-9,2019-08-05,2019-08-27
725971d8-4,2019-08-27,2019-08-30
4f351fb1-6,2019-08-09,2019-08-26
323dbff6-7,2019-08-25,2019-08-30
2976714c-2,2019-08-09,2019-08-24
262d1337-5,2019-08-20,2019-08-26
9b19373e-7,2019-08-28,2019-08-29
de122e4a-8,2019-08-12,2019-08-22
8c4ac945-b,2019-08-04,2019-08-05
81710b46-d,2019-08-24,2019-08-28
87e4c720-c,2019-08-19,2019-08-30
7b928cda-2,2019-08-30,2019-08-30
c551e275-2,2019-08-25,2019-08-29
b22d58b1-8,2019-08-09,2019-08-20
03c14f89-b,2019-08-08,2019-08-22
9c55339d-1,2019-08-08,2019-08-12
597e0faf-7,2019-08-07,2019-08-23
7078129d-7,2019-08-17,2019-08-21
f9d47bed-3,2019-08-12,2019-08-25
c27365b5-f,2019-08-23,2019-08-24
cc5c9e74-c,2019-08-14,2019-08-23
0e2e5bfe-1,2019-08-20,2019-08-29
cd381934-2,2019-08-13,2019-08-13
ba4e0f19-1,2019-08-06,2019-08-28
3aae2afd-a,2019-08-13,2019-08-20
2bdec117-e,2019-08-30,2019-08-30
fd418f27-e,2019-08-20,2019-08-22
640bfbb0-c,2019-08-04,2019-08-07
1bc57c29-7,2019-08-16,2019-08-23
805cfe08-4,2019-08-16,2019-08-18
dd455ee2-c,2019-08-29,2019-08-30
a72ad636-e,2019-08-12,2019-08-23
8f6903cb-1,2019-08-13,2019-08-13
90447a87-1,2019-08-26,2019-08-30
d92da20d-b,2019-08-26,2019-08-30
f52d645c-3,2019-08-20,2019-08-25
70cc6aaa-1,2019-08-04,2019-08-20
30f9400d-9,2019-08-21,2019-08-30
cb6d88cb-0,2019-08-18,2019-08-28
421d3fb3-5,2019-08-28,2019-08-29
34b8679d-f,2019-08-27,2019-08-28
73788cb3-4,2019-08-09,2019-08-14
c1d850e2-a,2019-08-06,2019-08-19
994467fb-0,2019-08-18,2019-08-28
61d3bc31-5,2019-08-14,2019-08-14
ce7f859b-c,2019-08-14,2019-08-20
e505c9e2-6,2019-08-12,2019-08-23
c73c8af3-8,2019-08-02,2019-08-14
9abd0dc4-a,2019-08-16,2019-08-26
25dafeef-0,2019-08-18,2019-08-26
fd75cd76-b,2019-08-01,2019-08-11
269d266b-2,2019-08-24,2019-08-29
f4110013-5,2019-08-29,2019-08-29
625e2960-4,2019-08-25,2019-08-27
fdc40ac2-2,2019-08-24,2019-08-24
213fb515-0,2019-08-25,2019-08-28
2e5234e8-a,2019-08-21,2019-08-29
bcb5233a-e,2019-08-30,2019-08-30
2e97e95b-d,2019-08-30,2019-08-30
235f7d9e-d,2019-08-01,2019-08-11
944bef64-a,2019-08-13,2019-08-27
a396b768-d,2019-08-22,2019-08-23
1aeec72d-6,2019-08-27,2019-08-28
93b3a1b0-a,2019-08-08,2019-08-27
264cc762-9,2019-08-30,2019-08-30
9975015b-a,2019-08-10,2019-08-14
2a5e37cc-e,2019-08-02,2019-08-23
780b0229-f,2019-08-18,2019-08-25
cb380a20-4,2019-08-11,2019-08-21
03b86e38-b,2019-08-25,2019-08-25
57b960f9-c,2019-08-25,2019-08-27
b94e95d8-e,2019-08-19,2019-08-21
4a568d0c-e,2019-08-14,2019-08-14
d4643541-d,2019-08-12,2019-08-15
2dccf5fe-f,2019-08-06,2019-08-12
4c36daa4-e,2019-08-29,2019-08-30
1f2029b8-0,2019-08-14,2019-08-29
2606d30c-2,2019-08-05,2019-08-09
9f9bf804-a,2019-08-12,2019-08-28
de2339bc-9,2019-08-07,2019-08-18
9717bcd5-f,2019-08-19,2019-08-20
45ea613e-5,2019-08-12,2019-08-25
28c33481-2,2019-08-09,2019-08-27
4459a364-0,2019-08-10,2019-08-21
543551ec-3,2019-08-09,2019-08-20
e418a411-f,2019-08-07,2019-08-19
71fc1ce6-7,2019-08-29,2019-08-30
df88b1d1-9,2019-08-04,2019-08-08
235f1a6f-9,2019-08-06,2019-08-22
aca63651-7,2019-08-12,2019-08-20
f6e70dff-9,2019-08-04,2019-08-15
c2ae12f4-7,2019-08-11,2019-08-21
95cd997f-4,2019-08-27,2019-08-30
d95c8272-d,2019-08-30,2019-08-30
b492506a-2,2019-08-20,2019-08-24
57c4d563-a,2019-08-09,2019-08-23
3865955c-3,2019-08-17,2019-08-22
15508662-f,2019-08-13,2019-08-28
7213c884-f,2019-08-28,2019-08-29
b4be12ed-d,2019-08-27,2019-08-28
ef117aef-b,2019-08-28,2019-08-28
4a20a1ca-5,2019-08-02,2019-08-20
2e0d8b85-3,2019-08-21,2019-08-29
c952b51f-b,2019-08-26,2019-08-26
8c145acc-f,2019-08-19,2019-08-23
2777de03-7,2019-08-09,2019-08-18
682b8d9d-a,2019-08-27,2019-08-30
c81cfde0-f,2019-08-11,2019-08-29
6c5243e9-d,2019-08-08,2019-08-22
7f644d52-b,2019-08-22,2019-08-30
b480b50a-f,2019-08-13,2019-08-22
d443d485-6,2019-08-22,2019-08-23
ba965824-2,2019-08-30,2019-08-30
4c814a0e-a,2019-08-09,2019-08-12
f726107c-3,2019-08-05,2019-08-22
e773d002-4,2019-08-15,2019-08-24
c3320600-2,2019-08-20,2019-08-27
dc806ae0-1,2019-08-10,2019-08-28
f1dbd378-9,2019-08-20,2019-08-21
0c55e67f-a,2019-08-07,2019-08-28
b64f2f19-f,2019-08-16,2019-08-17
2fb94f79-3,2019-08-28,2019-08-29
4174ff85-7,2019-08-10,2019-08-20
94f7a750-9,2019-08-26,2019-08-29
6697f091-c,2019-08-25,2019-08-25
471903b5-3,2019-08-28,2019-08-30
427c424b-a,2019-08-11,2019-08-22
2999fea3-2,2019-08-08,2019-08-09
b9efd5d4-a,2019-08-08,2019-08-14
314fe5fc-5,2019-08-29,2019-08-30
ef4108f4-c,2019-08-06,2019-08-24
507f8201-7,2019-08-27,2019-08-29
95f80c0d-4,2019-08-23,2019-08-25
203b4758-d,2019-08-12,2019-08-24
e938714f-1,2019-08-16,2019-08-22
1f9e9e59-e,2019-08-21,2019-08-26
12333445-c,2019-08-14,2019-08-23
c498f3d6-a,2019-08-04,2019-08-22
4cec34ed-c,2019-08-15,2019-08-27
e2fbb72c-5,2019-08-04,2019-08-25
2f6ef0cd-8,2019-08-20,2019-08-30
f2d85ffb-7,2019-08-01,2019-08-18
754c9df4-6,2019-08-06,2019-08-09
3e2556c2-1,2019-08-03,2019-08-07
b6a0269a-e,2019-08-26,2019-08-26
c8d402c9-3,2019-08-09,2019-08-21
826ac490-c,2019-08-15,2019-08-27
c361f3ab-6,2019-08-01,2019-08-25
0a358ff0-5,2019-08-14,2019-08-17
2e1c387f-c,2019-08-27,2019-08-27
6c380ac0-e,2019-08-25,2019-08-26
3d0e2632-4,2019-08-02,2019-08-28
96f08cf5-3,2019-08-27,2019-08-30
b073252a-3,2019-08-30,2019-08-30
c607e900-3,2019-08-10,2019-08-29
9b959642-1,2019-08-27,2019-08-28
6a4e25ac-3,2019-08-21,2019-08-24
109285e5-b,2019-08-05,2019-08-17
f858a336-6,2019-08-22,2019-08-29
6839b15a-7,2019-08-03,2019-08-24
4b5a9c3e-c,2019-08-20,2019-08-22
f4fa7188-6,2019-08-02,2019-08-15
2f00ee5d-f,2019-08-08,2019-08-19
fb7f7f16-b,2019-08-07,2019-08-28
60d48fcd-b,2019-08-24,2019-08-26
ce547033-c,2019-08-06,2019-08-13
27dfdfff-7,2019-08-14,2019-08-25
e9a6b401-3,2019-08-22,2019-08-23
f0a4d5e7-a,2019-08-03,2019-08-12
e8ce2af9-5,2019-08-28,2019-08-30
bdff3e3f-7,2019-08-30,2019-08-30
fdea6c63-8,2019-08-03,2019-08-03
9b87be23-9,2019-08-30,2019-08-30
b8209bee-e,2019-08-19,2019-08-26
3ad03022-1,2019-08-19,2019-08-27
bdc616e3-7,2019-08-26,2019-08-26
4fe3844e-7,2019-08-19,2019-08-23
45ad5988-0,2019-08-29,2019-08-30
6e964cc9-8,2019-08-29,2019-08-30
978c7954-6,2019-08-23,2019-08-24
035ce660-3,2019-08-26,2019-08-30
fe0d05e2-3,2019-08-06,2019-08-27
fa1a676b-9,2019-08-27,2019-08-27
96ba2483-e,2019-08-15,2019-08-25
315cba82-3,2019-08-16,2019-08-23
df2adcf6-3,2019-08-27,2019-08-30
e6705c75-7,2019-08-21,2019-08-25
0df3eecc-7,2019-08-07,2019-08-12
301dc226-2,2019-08-27,2019-08-29
3b4b19b0-1,2019-08-09,2019-08-19
71cea2e4-0,2019-08-23,2019-08-26
f0b80c47-c,2019-08-08,2019-08-15
4e94df5d-3,2019-08-18,2019-08-23
5af80c5f-8,2019-08-07,2019-08-20
a0e6ded3-b,2019-08-14,2019-08-30
0c1e8407-4,2019-08-21,2019-08-25
ba7b8989-3,2019-08-04,2019-08-15
70fda219-1,2019-08-02,2019-08-26
995e2ebb-4,2019-08-09,2019-08-20
244d3d7e-3,2019-08-21,2019-08-26
726c80e4-d,2019-08-06,2019-08-15
b228bf0b-0,2019-08-17,2019-08-22
8776306c-7,2019-08-21,2019-08-28
ba0b2cf0-6,2019-08-12,2019-08-17
5979a299-c,2019-08-16,2019-08-22
ae7602b3-4,2019-08-14,2019-08-14
04b2b1ec-5,2019-08-26,2019-08-28
0126d419-b,2019-08-05,2019-08-13
90600bd0-b,2019-08-03,2019-08-21
48590a8b-f,2019-08-03,2019-08-23
0f2a9924-3,2019-08-03,2019-08-04
664b6e68-a,2019-08-25,2019-08-29
65a13762-1,2019-08-26,2019-08-27
a8a2e420-5,2019-08-27,2019-08-29
1dd533dc-8,2019-08-18,2019-08-20
125a046b-e,2019-08-10,2019-08-22
96931f8a-c,2019-08-23,2019-08-30
656e7898-f,2019-08-23,2019-08-26
5a58a144-6,2019-08-29,2019-08-30
cdac7a5e-1,2019-08-10,2019-08-11
6e16ab10-8,2019-08-12,2019-08-22
62b59c4f-d,2019-08-24,2019-08-30
90489faf-1,2019-08-20,2019-08-21
dc4d9ad2-c,2019-08-28,2019-08-30
40a41ddd-f,2019-08-11,2019-08-26
ce0723ad-b,2019-08-06,2019-08-21
fa27051c-1,2019-08-14,2019-08-19
945e4c45-5,2019-08-19,2019-08-20
833adcba-7,2019-08-27,2019-08-27
c2d7222f-d,2019-08-20,2019-08-25
1e7b01df-0,2019-08-30,2019-08-30
83dad47c-e,2019-08-14,2019-08-20
80ec559d-c,2019-08-16,2019-08-27
db50ddf1-5,2019-08-13,2019-08-16
691faad0-4,2019-08-24,2019-08-29
6164c2f6-d,2019-08-09,2019-08-16
e22e175a-8,2019-08-23,2019-08-27
2f8229bc-0,2019-08-04,2019-08-06
1859870c-e,2019-08-05,2019-08-10
4fab6598-d,2019-08-15,2019-08-17
2e6335b9-5,2019-08-14,2019-08-23
c69fde63-7,2019-08-25,2019-08-25
0be17c62-5,2019-08-20,2019-08-24
b1d1532e-2,2019-08-29,2019-08-29
9280691c-4,2019-08-30,2019-08-30
2bcd4672-a,2019-08-20,2019-08-28
09a45cbe-e,2019-08-26,2019-08-28
e26739fd-7,2019-08-30,2019-08-30
20c171d8-3,2019-08-18,2019-08-27
daf51166-5,2019-08-02,2019-08-16
d9ae0526-e,2019-08-04,2019-08-27
f04fac22-b,2019-08-28,2019-08-29
5d53943d-5,2019-08-20,2019-08-29
544fb889-0,2019-08-21,2019-08-26
12fbb78b-e,2019-08-23,2019-08-26
98870224-5,2019-08-29,2019-08-30
4593d244-6,2019-08-18,2019-08-23
51d09175-2,2019-08-12,2019-08-13
c8c4d6da-9,2019-08-15,2019-08-23
5128f4a4-f,2019-08-13,2019-08-19
6b173c92-d,2019-08-12,2019-08-13
48cce3e3-7,2019-08-02,2019-08-19
8dde762f-0,2019-08-23,2019-08-29
f7738bbb-d,2019-08-02,2019-08-13
14c1fcae-e,2019-08-25,2019-08-29
f0c944f4-5,2019-08-21,2019-08-27
2c73886b-e,2019-08-29,2019-08-29
caec266c-5,2019-08-12,2019-08-17
31b3e2b1-3,2019-08-14,2019-08-20
5129aad6-e,2019-08-16,2019-08-22
18e95851-9,2019-08-13,2019-08-20
0e6239b0-d,2019-08-26,2019-08-29
557fa7b7-e,2019-08-23,2019-08-29
caf69f77-a,2019-08-06,2019-08-23
72ac4196-5,2019-08-15,2019-08-24
e78cf7f0-c,2019-08-21,2019-08-24
9b2f6eb0-a,2019-08-25,2019-08-30
34c3e013-7,2019-08-05,2019-08-15
68139868-6,2019-08-15,2019-08-17
ea31bfe7-f,2019-08-15,2019-08-27
f83f1ba0-a,2019-08-29,2019-08-30
18260ea2-7,2019-08-27,2019-08-30
d391e9dd-7,2019-08-25,2019-08-25
06af3493-a,2019-08-11,2019-08-11
90209742-9,2019-08-03,2019-08-08
5ab94966-e,2019-08-25,2019-08-25
6c752b06-f,2019-08-19,2019-08-30
b2ae22fb-7,2019-08-03,2019-08-29
21dea067-0,2019-08-05,2019-08-13
f2b3d20a-4,2019-08-03,2019-08-16
6a8bb7dc-3,2019-08-21,2019-08-23
577bb49b-4,2019-08-28,2019-08-28
9843e2f2-8,2019-08-05,2019-08-05
73422eda-f,2019-08-27,2019-08-28
03f70b07-7,2019-08-28,2019-08-29
081cf420-3,2019-08-21,2019-08-22
1b28d1e0-d,2019-08-16,2019-08-19
48193c43-5,2019-08-01,2019-08-30
f669c9e5-d,2019-08-21,2019-08-23
b4893868-3,2019-08-10,2019-08-23
6681ebbc-1,2019-08-07,2019-08-18
25c5032c-c,2019-08-20,2019-08-29
15214023-6,2019-08-17,2019-08-17
2744759d-d,2019-08-06,2019-08-11
cfb2f081-0,2019-08-30,2019-08-30
fe2d8901-e,2019-08-24,2019-08-28
15ac8880-c,2019-08-18,2019-08-18
0bcf7338-3,2019-08-18,2019-08-20
bb2a9e2c-9,2019-08-07,2019-08-13
152a3cf5-c,2019-08-03,2019-08-06
be3c65be-6,2019-08-23,2019-08-27
399902b2-b,2019-08-23,2019-08-24
187521c3-d,2019-08-14,2019-08-27
7e8dd0ce-2,2019-08-06,2019-08-06
064b7957-b,2019-08-10,2019-08-22
5cb3ac29-d,2019-08-02,2019-08-22
a13ac47e-e,2019-08-07,2019-08-26
89be879d-8,2019-08-14,2019-08-23
76b5ce20-a,2019-08-02,2019-08-17
b441a6a0-1,2019-08-28,2019-08-28
fb6447cd-5,2019-08-23,2019-08-28
53df7a80-b,2019-08-23,2019-08-25
d5e3984c-a,2019-08-18,2019-08-22
1f38b654-0,2019-08-28,2019-08-29
9e7e12c1-c,2019-08-05,2019-08-17
cc605ffd-0,2019-08-17,2019-08-23
17d265c6-3,2019-08-06,2019-08-14
f49e56b7-2,2019-08-09,2019-08-12
e13857cb-8,2019-08-07,2019-08-21
37f26b0c-1,2019-08-27,2019-08-28
65b075b3-d,2019-08-30,2019-08-30
